Comment,Designator,Footprint,LCSC
67-21S/KK4C-E4040R2R52834Z15/2T(GC),LED1,LED-SMD_L3.5-W2.8-RD,C142309
4.7k,R1,R_0805_2012Metric,C162036
220u,"C3,C4",CP_Radial_D8.0mm_P3.50mm,C1668196
330,"R2,R3,R4,R5",R_0805_2012Metric,C17630
1u,C1,C_1206_3216Metric,C1848
SS14,"D1,D2",SMA_L4.2-W2.6-LS5.3-RD,C2480
DB141V-2.54-3P,"CN1,CN2,CN3,CN4",CONN-TH_3P-P2.54_DIBO_DB141V-2.54-3P,C2898745
470u,C2,CP_Radial_D10.0mm_P5.00mm,C308867
FN2-24S12C3N,U4,PWRM-TH_FN2-XXSXXC3N,C427985
DB128L-5.08-2P-OG-S,"U1,U2,U3",CONN-TH_2P-P5.08_DB128L-5.08-2P-OG-S,C430603
HD78L05,U9,SOT-89-3_L4.5-W2.5-P1.50-LS4.2-BR,C466029
0.1u,"C6,C7,C8,C9",C_0805_2012Metric,C49678
0.33u,"C10,C11,C5",C_0603_1608Metric,C50254
ZX-HY2.0-4PWT,"CN5,CN6",CONN-SMD_4P-P2.00_ZX-HY2.0-4PWT,C7429571
"TLP2355(TPL,E","U5,U6,U7,U8",SOP-6_5P-L4.4-W3.6-P1.27-LS7.0-BR-PE2,C99485
Power,J1,PinSocket_1x08_P2.54mm_Vertical,
Analog,J3,PinSocket_1x06_P2.54mm_Vertical,
Digital/PWM,J2,PinSocket_1x10_P2.54mm_Vertical,
Digital/PWM,J4,PinSocket_1x08_P2.54mm_Vertical,
