Designator,Val,Package,Mid X,Mid Y,Rotation,Layer
C1,2.2u,C_1206_3216Metric,19.81,8.225,90.0,top
C10,2.2u,C_0603_1608Metric,34.125,19.25,0.0,top
C11,2.2u,C_0603_1608Metric,34.125,17.6,0.0,top
C2,470u,CP_Radial_D10.0mm_P5.00mm,20.4,21.332323,90.0,top
C3,220u,CP_Radial_D8.0mm_P3.50mm,19.4,42.65,90.0,top
C4,220u,CP_Radial_D8.0mm_P3.50mm,19.4,32.25,90.0,top
C5,1u,C_1206_3216Metric,35.525,15.25,180.0,top
C6,0.1u,C_0805_2012Metric,54.25,21.45,-90.0,top
C7,0.1u,C_0805_2012Metric,54.25,16.95,-90.0,top
C8,0.1u,C_0805_2012Metric,54.25,12.45,-90.0,top
C9,0.1u,C_0805_2012Metric,54.25,8.05,-90.0,top
CN1,DB141V-2.54-3P,CONN-TH_3P-P2.54_DIBO_DB141V-2.54-3P,33.96,44.25,-90.0,top
CN2,DB141V-2.54-3P,CONN-TH_3P-P2.54_DIBO_DB141V-2.54-3P,33.88,32.8,-90.0,top
CN3,DB141V-2.54-3P,CONN-TH_3P-P2.54_DIBO_DB141V-2.54-3P,47.71,44.25,-90.0,top
CN4,DB141V-2.54-3P,CONN-TH_3P-P2.54_DIBO_DB141V-2.54-3P,47.71,32.8,-90.0,top
CN5,ZX-HY2.0-4PWT,CONN-SMD_4P-P2.00_ZX-HY2.0-4PWT,62.5,15.0,90.0,top
CN6,ZX-HY2.0-4PWT,CONN-SMD_4P-P2.00_ZX-HY2.0-4PWT,62.55,28.6,90.0,top
D1,SS14,SMA_L4.2-W2.6-LS5.3-RD,31.55,23.9,180.0,top
D2,SS14,SMA_L4.2-W2.6-LS5.3-RD,16.31,9.7,90.0,top
J1,Power,PinSocket_1x08_P2.54mm_Vertical,36.83,2.54,90.0,top
J2,Digital/PWM,PinSocket_1x10_P2.54mm_Vertical,30.226,50.8,90.0,top
J3,Analog,PinSocket_1x06_P2.54mm_Vertical,57.15,2.54,90.0,top
J4,Digital/PWM,PinSocket_1x08_P2.54mm_Vertical,54.61,50.8,90.0,top
LED1,67-21S/KK4C-E4040R2R52834Z15/2T(GC),LED-SMD_L3.5-W2.8-RD,6.55,11.5,0.0,top
R1,4.7k,R_0805_2012Metric,11.0,11.5,180.0,top
R2,330,R_0805_2012Metric,42.0875,16.75,0.0,top
R3,330,R_0805_2012Metric,42.0875,18.75,0.0,top
R4,330,R_0805_2012Metric,42.125,20.75,0.0,top
R5,330,R_0805_2012Metric,42.0875,22.75,0.0,top
U1,DB128L-5.08-2P-OG-S,CONN-TH_2P-P5.08_DB128L-5.08-2P-OG-S,9.5,42.5,90.0,top
U2,DB128L-5.08-2P-OG-S,CONN-TH_2P-P5.08_DB128L-5.08-2P-OG-S,9.5,32.5,90.0,top
U3,DB128L-5.08-2P-OG-S,CONN-TH_2P-P5.08_DB128L-5.08-2P-OG-S,9.5,22.46,90.0,top
U4,IB2412S-2W_C5369624,PWRM-TH_IBXXXXS-2W,32.57,12.41,0.0,top
U5,"TLP2355(TPL,E",SOP-6_5P-L4.4-W3.6-P1.27-LS7.0-BR-PE2,48.75,8.0,180.0,top
U6,"TLP2355(TPL,E",SOP-6_5P-L4.4-W3.6-P1.27-LS7.0-BR-PE2,48.75,12.5,180.0,top
U7,"TLP2355(TPL,E",SOP-6_5P-L4.4-W3.6-P1.27-LS7.0-BR-PE2,48.75,17.0,180.0,top
U8,"TLP2355(TPL,E",SOP-6_5P-L4.4-W3.6-P1.27-LS7.0-BR-PE2,48.75,21.52,180.0,top
U9,UR7550G-AB3-R,SOT-89-3_L4.5-W2.5-P1.50-LS4.2-BR,28.9,19.25,0.0,top
